{
  "AWSEBDockerrunVersion": 2,
  "volumes": [
    {
      "name": "janus",
      "host": {
        "sourcePath": "/var/app/current/janus"
      }
    },
    {
      "name": "socket",
      "host": {
        "sourcePath": "/var/run"
      }
    }
  ],
  "containerDefinitions": [
    {
      "name": "janus",
      "image": "976589619057.dkr.ecr.us-east-1.amazonaws.com/janus/server",
      "essential": true,
      "memory": 500,
      "environment": [],
      "portMappings": [
        {
          "hostPort": 80,
          "containerPort": 8888
        }
      ],
      "mountPoints": [
        {
          "sourceVolume": "janus",
          "containerPath": "/var/janus",
          "readOnly": true
        },
        {
          "sourceVolume": "socket",
          "containerPath": "/var/run",
          "readOnly": false
        }
      ]
    }
  ]
}
